customer_id,Recency,Frequency,Monetary,Cluster
1000,33,13,4559.5,1
1001,30,5,636.0,2
1002,32,6,1395.75,2
1003,2,4,911.1,2
1004,284,4,2402.05,0
1005,85,6,1775.65,2
1006,64,5,4685.7,2
1007,174,4,1162.4,0
1008,114,6,3729.46,0
1009,16,7,1712.3,2
1010,11,8,9319.4,1
1011,67,11,3689.66,1
1012,16,9,3272.5,1
1013,17,8,2780.8999999999996,2
1014,30,4,375.84000000000003,2
1015,23,4,2301.0,2
1016,46,9,5649.049999999999,1
1017,31,4,2191.4,2
1018,11,16,7643.5,1
1019,167,3,144.2,0
1020,57,12,3156.7,1
1021,7,7,5196.400000000001,1
1022,14,9,2162.91,2
1023,49,4,2312.65,2
1024,64,9,2862.95,1
1025,47,7,147.99,2
1026,30,6,4618.55,1
1027,24,5,619.65,2
1028,16,12,2854.14,1
1029,8,4,1040.9,2
1030,37,5,1717.05,2
1031,195,7,4692.75,0
1032,69,4,806.55,2
1033,32,4,1790.5500000000002,2
1034,44,5,185.0,2
1035,10,7,214.68,2
1036,34,4,1618.3,2
1037,39,6,1287.7,2
1038,18,9,2549.7,1
1039,59,6,3652.82,2
1040,33,10,3579.38,1
1041,14,8,2567.2,2
1042,29,9,2745.6099999999997,1
1043,292,3,576.09,0
1044,49,6,3854.8,2
1045,108,4,1388.3000000000002,0
1046,88,10,7127.25,1
1047,22,3,390.3,2
1048,25,10,12568.779999999999,1
1049,81,6,572.1,2
1050,108,4,1162.45,0
1051,85,2,186.3,0
1052,26,8,1887.2,2
1053,14,7,8865.95,1
1054,51,8,1893.85,2
1055,25,9,2575.95,1
1056,10,8,405.3,2
1057,37,8,1363.85,2
1058,269,4,873.05,0
1059,55,5,778.4,2
1060,37,11,2765.0,1
1061,15,5,726.8,2
1062,30,5,799.95,2
1063,33,7,5166.3,1
1064,35,6,432.0,2
1065,14,5,315.9,2
1066,71,7,3076.9,2
1067,34,7,3505.15,2
1068,2,10,2221.67,1
1069,154,4,1643.3,0
1070,166,4,156.6,0
1071,75,8,4030.55,1
1072,33,11,4213.75,1
1073,32,10,4256.15,1
1074,56,8,2626.4,2
1075,24,7,4155.65,1
1076,25,3,109.0,2
1077,73,5,2280.0,2
1078,16,8,2312.0,2
1079,36,4,2228.5,2
1080,119,2,168.2,0
1081,17,7,3120.71,2
1082,19,9,3854.2,1
1083,66,6,1083.8500000000001,2
1084,11,8,4459.6,1
1085,36,6,1202.75,2
1086,7,10,8840.5,1
1087,23,8,1459.94,2
1088,93,5,560.5,0
1089,30,11,3328.44,1
1090,235,3,2636.1,0
1091,29,10,815.05,2
1092,72,8,1933.15,2
1093,34,3,850.0,2
1094,32,6,168.65,2
1095,85,4,1373.0,0
1096,40,5,1401.35,2
1097,7,4,573.4,2
1098,42,7,731.99,2
1099,36,6,2406.8,2
1100,0,10,5098.0,1
1101,31,4,1967.42,2
1102,9,5,4460.55,2
1103,46,9,1635.0,2
1104,1,12,6120.95,1
1105,92,11,2385.1,1
1106,33,5,557.35,2
1107,86,5,1206.2,2
1108,34,10,1824.77,1
1109,66,4,2859.2,2
1110,5,11,9645.98,1
1111,28,7,4304.0,1
1112,15,11,1998.3,1
1113,117,7,2064.5,0
1114,36,6,596.55,2
1115,113,10,4323.25,1
1116,184,6,3514.45,0
1117,8,10,3145.0699999999997,1
1118,20,6,4811.8,1
1119,363,1,50.0,0
1120,131,4,1417.0,0
1121,24,11,2745.9,1
1122,92,11,2997.62,1
1123,7,6,5281.049999999999,1
1124,28,5,425.75,2
1125,41,7,4356.6,1
1126,51,7,4965.9,1
1127,149,9,2503.59,0
1128,10,9,1109.95,2
1129,121,7,958.3,0
1130,16,4,954.53,2
1131,23,6,100.04,2
1132,33,12,2930.85,1
1133,43,7,2683.4900000000002,2
1134,13,5,4570.0,2
1135,96,2,125.5,0
1136,3,11,3976.29,1
1137,213,5,1096.18,0
1138,152,11,3015.75,1
1139,4,8,581.85,2
1140,6,9,1132.3,2
1141,52,3,3089.3500000000004,2
1142,92,8,3395.2,1
1143,21,10,1952.1,1
1144,4,5,3833.4,2
1145,37,7,770.99,2
1146,32,8,4619.150000000001,1
1147,29,9,1752.4099999999999,2
1148,3,11,622.0,2
1149,74,4,183.0,2
1150,99,6,3860.65,0
1151,9,7,2274.1,2
1152,23,4,1500.1,2
1153,34,10,8005.6,1
1154,46,8,1176.8000000000002,2
1155,98,6,184.84,0
1156,61,4,1327.9,2
1157,23,5,285.28999999999996,2
1158,52,7,5460.65,1
1159,66,7,809.57,2
1160,103,7,4178.2,1
1161,36,10,2177.5,1
1162,56,6,3742.25,2
1163,98,7,1080.1,2
1164,77,9,888.45,2
1165,29,11,1897.9,1
1166,45,7,2151.45,2
1167,105,3,486.65,0
1168,27,5,1152.95,2
1169,13,7,837.35,2
1170,5,10,6679.45,1
1171,51,6,2239.2,2
1172,155,9,5872.7,1
1173,80,2,335.0,0
1174,26,7,1835.5,2
1175,45,5,1304.0,2
1176,15,12,3945.5,1
1177,24,3,62.85,2
1178,32,7,1155.7,2
1179,141,3,1154.18,0
1180,20,7,3097.3500000000004,2
1181,29,4,6119.55,1
1182,5,9,8555.68,1
1183,71,8,1018.5,2
1184,49,4,866.1,2
1185,47,4,703.95,2
1186,24,11,2816.82,1
1187,10,12,3992.9,1
1188,4,6,4178.7,1
1189,43,7,2593.35,2
1190,75,6,717.99,2
1191,1,14,7130.26,1
1192,60,4,497.5,2
1193,7,6,1373.3,2
1194,25,10,2467.4500000000003,1
1195,38,6,1237.45,2
1196,96,6,3224.3,2
1197,18,9,2803.5,1
1198,58,6,1871.34,2
1199,31,4,1881.4,2
1200,14,8,2883.85,2
1201,82,8,3313.2,1
1202,19,6,1624.15,2
1203,63,6,5860.9,1
1204,28,6,4471.95,1
1205,9,8,1807.3,2
1206,53,5,777.3,2
1207,38,10,3784.7,1
1208,2,5,2904.1,2
1209,77,10,2106.75,1
1210,2,9,1076.05,2
1211,141,5,1282.0,0
1212,0,8,1111.3600000000001,2
1213,51,11,5204.05,1
1214,1,6,1315.9,2
1215,50,9,2903.2,1
1216,91,11,1993.5500000000002,1
1217,5,7,835.04,2
1218,101,4,581.1,0
1219,12,6,117.1,2
1220,78,8,3433.75,1
1221,10,3,1740.0,2
1222,139,6,2635.25,0
1223,48,6,5657.95,1
1224,8,10,4251.75,1
1225,9,13,5254.6,1
1226,105,8,1386.17,2
1227,22,9,4785.6,1
1228,2,10,5505.16,1
1229,1,7,1918.15,2
1230,1,6,1943.15,2
1231,61,8,2355.1,2
1232,19,8,7284.15,1
1233,153,4,2331.3,0
1234,8,13,5662.55,1
1235,2,11,7821.3,1
1236,26,10,2370.2999999999997,1
1237,72,7,690.0,2
1238,11,8,837.5,2
1239,43,4,989.0,2
1240,12,3,566.55,2
1241,10,9,3979.35,1
1242,41,7,4211.05,1
1243,20,6,380.1,2
1244,164,6,949.5,0
1245,91,3,91.8,0
1246,41,9,1638.3,2
1247,139,5,1327.3,0
1248,62,4,1134.0,2
1249,15,6,1676.8,2
1250,89,7,5612.299999999999,1
1251,16,2,3792.4,2
1252,55,13,5136.280000000001,1
1253,42,10,3161.82,1
1254,102,6,1353.75,0
1255,183,5,2922.4,0
1256,66,5,288.15,2
1257,105,9,4741.4,1
1258,74,9,4725.95,1
1259,79,6,2080.84,2
1260,44,7,1274.8,2
1261,18,8,3008.45,1
1262,55,4,459.2,2
1263,17,5,1456.0,2
1264,51,8,2397.98,2
1265,10,9,2623.4,1
1266,155,5,559.38,0
1267,67,8,3678.4,1
1268,124,5,1005.97,0
1269,24,12,4375.65,1
1270,24,11,3822.4300000000003,1
1271,24,6,2024.45,2
1272,17,12,597.3,1
1273,90,9,3922.7999999999997,1
1274,49,5,899.6,2
1275,8,6,1405.0,2
1276,32,13,3536.3,1
1277,14,7,4686.099999999999,1
1278,78,4,4184.4400000000005,2
1279,13,5,7070.68,1
1280,2,6,2550.05,2
1281,121,6,2632.5,0
1282,24,11,4047.4,1
1283,65,7,4021.88,1
1284,77,6,3122.05,2
1285,76,6,3948.0,2
1286,32,8,3491.25,1
1287,6,6,5882.0,1
1288,61,8,1544.8799999999999,2
1289,241,2,458.0,0
1290,76,5,554.8,2
1291,101,4,581.15,0
1292,24,3,1747.2,2
1293,11,7,3553.7,1
1294,24,7,1711.4,2
1295,22,8,3309.44,1
1296,108,2,346.4,0
1297,125,2,192.6,0
1298,21,7,408.1,2
1299,208,2,4173.35,0
1300,283,3,535.8,0
1301,99,10,5509.45,1
1302,162,5,5586.75,0
1303,22,3,4059.05,2
1304,100,7,3605.45,1
1305,27,6,1559.25,2
1306,5,13,2873.7200000000003,1
1307,20,8,4201.07,1
1308,18,4,199.05,2
1309,45,6,2462.0,2
1310,15,10,2372.54,1
1311,106,3,3220.0,0
1312,63,10,4385.1,1
1313,146,8,572.35,0
1314,35,6,919.5,2
1315,156,2,245.6,0
1316,12,8,4802.2,1
1317,8,8,3600.2000000000003,1
1318,185,3,376.75,0
1319,51,7,3351.5,2
1320,24,9,1761.75,2
1321,15,2,816.3,2
1322,86,5,5192.5,1
1323,28,9,2245.3,2
1324,31,9,3656.2000000000003,1
1325,11,8,4538.889999999999,1
1326,9,10,5921.5,1
1327,67,5,1930.06,2
1328,21,8,6983.2,1
1329,2,8,2179.0,2
1330,19,8,2239.6,2
1331,145,6,194.3,0
1332,31,8,5484.35,1
1333,24,8,2292.55,2
1334,150,5,1072.5,0
1335,68,9,1617.85,2
1336,14,6,5013.1,1
1337,2,11,10196.2,1
1338,97,8,2225.3,2
1339,7,7,3515.7999999999997,1
1340,44,6,658.0,2
1341,14,7,1313.9499999999998,2
1342,63,5,970.3,2
1343,34,7,674.35,2
1344,5,8,2224.63,2
1345,9,4,6033.6,1
1346,9,3,4111.4,2
1347,28,7,3936.8,1
1348,11,7,828.28,2
1349,124,7,1317.9,0
1350,8,5,728.65,2
1351,28,4,480.0,2
1352,4,8,2250.8,2
1353,23,5,842.4,2
1354,49,3,78.8,2
1355,7,10,1618.6,2
1356,33,7,2381.5,2
1357,51,4,164.0,2
1358,47,6,8271.8,1
1359,31,7,4496.400000000001,1
1360,11,4,322.84000000000003,2
1361,78,6,2359.35,2
1362,16,10,876.24,2
1363,31,8,6884.639999999999,1
1364,8,10,3487.95,1
1365,17,7,3772.0,1
1366,45,8,455.6,2
1367,123,7,3898.4500000000003,0
1368,25,5,566.3,2
1369,50,4,1292.7,2
1370,22,8,5178.349999999999,1
1371,0,5,776.95,2
1372,44,6,3005.3,2
1373,65,5,253.3,2
1374,10,8,2166.5699999999997,2
1375,2,12,2739.6,1
1376,51,6,4210.04,1
1377,61,7,3378.5,2
1378,0,9,1572.5,2
1379,117,7,7247.5,1
1380,19,13,5982.5,1
1381,89,6,3631.3500000000004,2
1382,1,10,1435.55,2
1383,37,13,6537.86,1
1384,13,4,619.2,2
1385,109,8,3175.25,1
1386,47,17,5606.45,1
1387,94,6,665.0,2
1388,63,4,300.0,2
1389,38,11,8021.95,1
1390,8,9,1756.79,2
1391,47,4,2234.1,2
1392,13,11,4134.51,1
1393,110,4,1391.2,0
1394,73,8,3991.0499999999997,1
1395,82,12,3584.19,1
1396,6,9,5860.650000000001,1
1397,0,9,449.4,2
1398,27,7,4456.94,1
1399,89,4,1313.6,0
1400,46,13,3487.25,1
1401,11,5,729.6,2
1402,87,4,783.6,0
1403,40,8,2676.25,2
1404,160,10,4194.25,1
1405,112,5,1023.4,0
1406,0,6,3187.5,2
1407,43,5,3602.3999999999996,2
1408,36,4,1800.3,2
1409,19,7,3488.1,2
1410,8,4,1452.5,2
1411,52,6,1643.7,2
1412,21,9,4183.700000000001,1
1413,6,7,2809.42,2
1414,29,8,1152.71,2
1415,69,10,657.25,2
1416,63,4,311.0,2
1417,15,4,2973.7,2
1418,12,8,6616.450000000001,1
1419,1,9,1700.4,2
1420,42,7,2194.0,2
1421,8,11,3674.3500000000004,1
1422,4,4,118.4,2
1423,32,3,551.0,2
1424,2,8,1673.7200000000003,2
1425,20,4,283.29999999999995,2
1426,65,9,1336.75,2
1427,3,7,7631.35,1
1428,110,12,2038.85,1
1429,204,3,355.05,0
1430,49,6,3473.35,2
1431,123,7,4257.450000000001,0
1432,66,5,567.25,2
1433,27,12,2835.1,1
1434,1,8,5705.4,1
1435,23,5,413.90000000000003,2
1436,130,4,2917.65,0
1437,5,6,1529.25,2
1438,31,8,3908.3999999999996,1
1439,97,4,938.3,0
1440,27,7,3536.9799999999996,1
1441,42,12,1030.55,1
1442,15,8,887.5,2
1443,7,7,1310.25,2
1444,9,12,2586.63,1
1445,43,7,4093.05,1
1446,27,11,911.65,2
1447,90,4,4114.5,0
1448,130,7,3379.56,0
1449,21,11,1883.8500000000001,1
1450,54,3,2387.9500000000003,2
1451,19,4,513.7,2
1452,32,11,2848.0,1
1453,31,7,773.8499999999999,2
1454,12,11,1856.18,1
1455,80,10,3550.5,1
1456,9,12,5661.6,1
1457,151,1,320.0,0
1458,28,8,2334.6499999999996,2
1459,17,9,3337.5,1
1460,34,10,1365.27,2
1461,22,4,761.7,2
1462,1,5,1871.15,2
1463,7,10,1506.8,2
1464,4,7,3877.0,1
1465,20,6,2503.9900000000002,2
1466,13,9,3079.9,1
1467,21,8,505.75,2
1468,199,3,1761.3,0
1469,71,5,310.0,2
1470,6,15,3019.2,1
1471,26,5,1439.55,2
1472,30,7,1986.7,2
1473,22,7,5709.85,1
1474,122,3,823.0,0
1475,26,10,5084.05,1
1476,155,8,5578.549999999999,1
1477,4,7,3725.55,1
1478,29,5,6289.3,1
1479,28,7,1585.0500000000002,2
1480,80,9,5314.9,1
1481,54,7,843.75,2
1482,49,6,516.7,2
1483,172,2,69.0,0
1484,33,13,4714.05,1
1485,14,8,1923.85,2
1486,95,2,635.3,0
1487,36,6,687.35,2
1488,30,7,2813.1,2
1489,104,9,3901.5,1
1490,97,9,1040.7,2
1491,42,9,2585.8,1
1492,11,11,2971.1,1
1493,53,7,4507.6,1
1494,44,10,4926.4,1
1495,119,4,1446.3,0
1496,29,7,2525.6,2
1497,28,5,384.1,2
1498,51,9,2301.1,2
1499,45,9,3561.8,1
1500,1,4,263.65000000000003,2
1501,53,8,2245.81,2
1502,132,13,2418.92,1
1503,77,5,582.5,2
1504,11,8,1000.45,2
1505,34,8,2172.1,2
1506,117,3,103.35,0
1507,124,11,2855.75,1
1508,10,9,8077.14,1
1509,26,5,3550.1,2
1510,4,7,3089.2,2
1511,80,5,573.4,2
1512,20,5,389.15,2
1513,64,7,620.25,2
1514,18,6,8419.3,1
1515,50,10,2059.15,1
1516,139,7,785.88,0
1517,39,8,3268.95,1
1518,1,4,1622.6,2
1519,18,9,3187.76,1
1520,26,12,2896.0499999999997,1
1521,41,5,1586.7,2
1522,2,4,185.2,2
1523,15,8,6526.3,1
1524,11,8,7488.7,1
1525,134,6,660.6,0
1526,71,5,4878.9,1
1527,46,12,9642.0,1
1528,94,8,2285.7,2
1529,1,8,2168.6,2
1530,5,5,219.55,2
1531,21,7,1382.95,2
1532,11,8,4433.89,1
1533,47,6,535.05,2
1534,108,3,620.75,0
1535,5,7,5898.52,1
1536,1,9,4266.3,1
1537,31,8,1580.8500000000001,2
1538,194,3,2356.2,0
1539,10,13,1540.4,1
1540,4,7,1237.46,2
1541,3,10,5470.7,1
1542,184,7,5974.25,0
1543,59,5,2801.0,2
1544,87,4,2995.3,0
1545,31,13,4865.35,1
1546,26,9,5552.95,1
1547,211,3,1782.6999999999998,0
1548,1,6,2278.3,2
1549,3,8,1082.85,2
1550,182,7,2204.3,0
1551,59,6,4512.4,1
1552,67,7,4734.8,1
1553,13,10,1280.37,2
1554,162,4,353.0,0
1555,38,8,1520.9,2
1556,2,11,5836.75,1
1557,137,8,1976.45,0
1558,73,9,1099.15,2
1559,6,14,2248.0,1
1560,13,12,3398.1,1
1561,144,2,808.0,0
1562,74,6,456.15,2
1563,20,4,1560.55,2
1564,152,6,3085.0,0
1565,2,8,3428.55,1
1566,46,6,419.2,2
1567,3,4,532.4,2
1568,62,5,3252.3,2
1569,15,8,1323.7,2
1570,58,4,170.92000000000002,2
1571,51,4,2117.1,2
1572,1,9,9098.75,1
1573,47,9,3425.0,1
1574,16,11,4586.15,1
1575,148,5,684.05,0
1576,98,6,2692.16,0
1577,13,7,878.59,2
1578,95,7,2653.25,2
1579,24,9,2387.15,1
1580,208,7,1009.3000000000001,0
1581,22,8,6726.6,1
1582,48,5,292.0,2
1583,1,6,533.4,2
1584,77,5,537.8,2
1585,36,5,1161.3,2
1586,60,4,841.65,2
1587,60,11,3914.95,1
1588,20,11,3721.29,1
1589,33,7,3293.4500000000003,2
1590,45,4,1090.4,2
1591,53,6,2313.3999999999996,2
1592,2,7,2940.05,2
1593,38,9,4692.75,1
1594,68,5,2506.0600000000004,2
1595,15,8,2526.95,2
1596,110,7,589.1,0
1597,85,9,942.24,2
1598,60,5,2976.25,2
1599,40,7,2143.2000000000003,2
1600,11,8,1312.78,2
1601,29,8,3161.45,1
1602,73,4,209.6,2
1603,0,8,6995.549999999999,1
1604,43,9,3794.98,1
1605,118,7,998.45,0
1606,14,9,2702.5,1
1607,37,7,866.6,2
1608,17,5,778.2,2
1609,34,7,6815.25,1
1610,34,8,972.85,2
1611,65,7,2995.15,2
1612,37,8,2305.75,2
1613,147,5,191.6,0
1614,9,8,1690.25,2
1615,1,6,2306.2,2
1616,17,6,2986.85,2
1617,64,12,5650.51,1
1618,65,7,227.65,2
1619,11,9,1851.48,2
1620,69,8,2119.4,2
1621,88,3,507.76,0
1622,9,10,5322.25,1
1623,25,9,1293.73,2
1624,81,5,390.8,2
1625,95,4,366.3,0
1626,70,6,2158.7,2
1627,4,12,1598.98,1
1628,7,9,4902.55,1
1629,32,6,970.02,2
1630,3,3,2075.1,2
1631,61,9,1181.45,2
1632,27,4,4297.4,2
1633,31,11,6655.75,1
1634,28,7,3931.2999999999997,1
1635,191,2,95.65,0
1636,51,8,1373.45,2
1637,12,5,327.06,2
1638,10,12,3724.25,1
1639,27,8,5120.15,1
1640,93,6,356.0,2
1641,13,6,3349.45,2
1642,8,7,1116.92,2
1643,16,7,3291.15,2
1644,136,3,167.0,0
1645,82,11,3438.95,1
1646,55,7,1841.8,2
1647,135,4,1332.15,0
1648,14,10,2034.15,1
1649,46,5,688.9,2
1650,105,4,1356.15,0
1651,84,4,479.75,0
1652,86,11,2972.55,1
1653,55,4,1330.8,2
1654,45,4,1131.7,2
1655,4,5,1070.99,2
1656,23,10,7120.0,1
1657,90,7,1526.4,2
1658,44,7,1446.05,2
1659,1,6,3303.95,2
1660,4,15,8372.71,1
1661,6,15,4643.9,1
1662,4,8,3623.65,1
1663,7,10,2013.5,1
1664,9,7,5718.59,1
1665,53,8,699.95,2
1666,39,3,332.82,2
1667,63,12,2475.4,1
1668,314,1,28.5,0
1669,14,9,2118.5,2
1670,206,4,915.6800000000001,0
1671,25,8,5820.55,1
1672,85,10,5050.1,1
1673,39,8,3655.6,1
1674,165,8,6143.5,1
1675,23,8,6334.9,1
1676,132,4,615.4,0
1677,38,6,3078.08,2
1678,47,5,854.2,2
1679,93,7,4070.0,1
1680,56,7,2573.3599999999997,2
1681,17,6,4592.21,1
1682,45,5,1663.0,2
1683,73,5,203.82,2
1684,38,12,8886.9,1
1685,39,5,1031.1,2
1686,14,9,2706.3,1
1687,1,11,3700.43,1
1688,34,9,7130.8,1
1689,21,11,3753.1299999999997,1
1690,38,9,4954.05,1
1691,37,6,1381.53,2
1692,59,5,797.8,2
1693,95,5,1980.4499999999998,0
1694,16,7,775.75,2
1695,143,4,1307.3,0
1696,90,8,1944.4,2
1697,3,12,2555.45,1
1698,78,7,978.35,2
1699,77,13,1870.6,1
1700,2,4,287.0,2
1701,25,10,6944.2,1
1702,6,10,2550.55,1
1703,5,8,1001.5,2
1704,1,6,2647.2,2
1705,21,5,4067.3999999999996,2
1706,163,2,241.0,0
1707,10,8,2291.75,2
1708,6,11,2219.65,1
1709,5,13,4596.1,1
1710,4,6,417.75,2
1711,13,7,2951.8,2
1712,181,7,2240.13,0
1713,34,12,2836.64,1
1714,14,4,405.0,2
1715,11,12,4872.03,1
1716,25,11,4308.55,1
1717,61,6,1442.0,2
1718,101,3,470.0,0
1719,6,9,3910.25,1
1720,6,6,1463.6,2
1721,56,4,271.1,2
1722,15,6,2261.05,2
1723,76,4,1631.6,2
1724,43,6,232.35,2
1725,5,12,4805.05,1
1726,74,10,2866.6,1
1727,20,10,5070.79,1
1728,77,5,6936.8,1
1729,23,9,1701.4499999999998,2
1730,25,4,926.45,2
1731,58,9,2904.85,1
1732,71,5,1344.65,2
1733,72,4,3231.55,2
1734,59,8,1490.9,2
1735,69,5,392.8,2
1736,98,3,3693.45,0
1737,20,12,3991.08,1
1738,39,8,2709.6,2
1739,37,7,2543.85,2
1740,16,5,1428.8,2
1741,105,6,2190.68,0
1742,0,8,1492.6499999999999,2
1743,81,5,3416.02,2
1744,175,2,97.84,0
1745,7,10,866.7,2
1746,102,8,461.5,2
1747,137,4,1071.15,0
1748,2,7,3415.0,2
1749,225,4,1232.25,0
1750,37,6,762.1,2
1751,0,7,3081.1,2
1752,124,8,3012.4,0
1753,30,8,685.6,2
1754,38,4,378.79999999999995,2
1755,5,7,4836.3,1
1756,10,7,1479.95,2
1757,147,9,2096.1,0
1758,23,10,6203.65,1
1759,231,2,17.2,0
1760,15,10,2241.75,1
1761,14,8,6487.95,1
1762,10,12,5984.87,1
1763,134,5,1677.75,0
1764,11,2,447.65,2
1765,20,4,2233.8,2
1766,79,5,1017.05,2
1767,73,8,1303.15,2
1768,83,8,2181.93,2
1769,1,11,11079.6,1
1770,42,6,509.0,2
1771,114,8,955.6,0
1772,25,3,843.4,2
1773,113,6,1059.54,0
1774,95,5,3225.6,0
1775,7,8,3880.12,1
1776,88,3,136.0,0
1777,144,11,5169.37,1
1778,56,6,1793.2,2
1779,33,6,3469.2999999999997,2
1780,27,11,3501.75,1
1781,86,2,1019.0,0
1782,4,6,3237.9500000000003,2
1783,57,8,1461.79,2
1784,66,10,5370.200000000001,1
1785,308,2,464.4,0
1786,92,3,508.0,0
1787,48,6,8436.55,1
1788,40,7,2822.85,2
1789,2,7,3005.3,2
1790,71,10,1686.3,2
1791,5,4,263.0,2
1792,18,9,1608.05,2
1793,122,11,3640.6000000000004,1
1794,84,6,2913.1,2
1795,82,6,3345.5,2
1796,37,9,3568.8,1
1797,3,10,2567.1000000000004,1
1798,131,6,1840.45,0
1799,2,8,1793.9,2
1800,77,5,4974.0,1
1801,38,8,2903.69,2
1802,54,7,912.3,2
1803,22,7,1852.85,2
1804,44,7,1654.05,2
1805,0,7,1759.75,2
1806,116,5,657.55,0
1808,60,7,964.7,2
1809,39,10,4560.9,1
1810,89,5,1783.4,2
1811,164,3,3300.85,0
1812,92,4,548.15,0
1813,36,9,4261.9,1
1814,3,5,1535.7,2
1815,17,12,4808.35,1
1816,10,8,3234.8,1
1817,40,6,1105.75,2
1818,10,8,607.7,2
1819,13,13,2032.85,1
1820,20,9,1857.5,2
1821,5,14,1707.95,1
1822,39,7,2186.45,2
1823,223,5,684.25,0
1824,0,14,3707.45,1
1825,66,8,3501.61,1
1826,28,7,1311.55,2
1827,20,9,1995.15,2
1828,98,3,2048.0,0
1829,38,6,4248.8,1
1830,16,8,4926.53,1
1831,141,7,2289.15,0
1832,9,15,2394.05,1
1833,23,7,3644.5,1
1834,36,6,4580.4,1
1835,72,10,2865.2999999999997,1
1836,58,6,4715.1,1
1837,17,12,4620.1,1
1838,26,9,1920.85,2
1839,60,6,3333.1,2
1840,2,7,2493.95,2
1841,33,6,2040.1799999999998,2
1842,28,6,2303.9,2
1843,0,8,5382.700000000001,1
1844,11,10,3978.5,1
1845,25,7,595.3,2
1846,18,4,1755.45,2
1847,0,10,3337.81,1
1848,46,13,3396.85,1
1849,15,11,4224.8,1
1850,131,3,712.2,0
1851,160,6,4332.5,0
1852,42,8,774.2,2
1853,66,8,1353.4499999999998,2
1854,149,5,534.65,0
1855,56,9,1534.4,2
1856,93,3,70.4,0
1857,22,10,3543.25,1
1858,10,8,3622.55,1
1859,2,5,825.4,2
1860,82,5,3130.9,2
1861,6,7,1394.4,2
1862,15,7,1062.7,2
1863,3,5,2243.45,2
1864,10,6,3421.95,2
1865,6,8,2725.65,2
1866,42,7,2948.2,2
1867,59,8,1742.25,2
1868,35,9,2081.55,2
1869,35,9,1851.0,2
1870,53,11,6846.25,1
1871,34,9,2481.6,1
1872,12,9,3670.9,1
1873,16,11,4680.6,1
1874,22,4,1017.75,2
1875,46,8,1311.75,2
1876,76,7,901.0,2
1877,2,5,418.05,2
1878,6,5,1754.45,2
1879,251,4,1482.2,0
1880,19,14,2642.25,1
1881,96,4,1417.0,0
1882,66,10,2642.2,1
1883,19,8,631.25,2
1884,20,4,1315.0,2
1885,35,8,1710.3,2
1886,3,11,1082.85,1
1887,26,4,1571.2,2
1888,8,11,2991.52,1
1889,19,5,661.25,2
1890,15,9,5739.5,1
1891,24,13,5443.150000000001,1
1892,8,11,3625.15,1
1893,61,8,1329.75,2
1894,34,7,3062.37,2
1895,105,3,1118.4,0
1896,24,10,2355.4,1
1897,28,8,3794.19,1
1898,15,12,8244.7,1
1899,69,11,5752.01,1
1900,100,3,1404.65,0
1901,19,13,3512.68,1
1902,53,6,2170.8999999999996,2
1903,115,5,806.55,0
1904,71,12,5214.2,1
1905,62,7,4431.59,1
1906,24,4,441.0,2
1907,209,2,1060.2,0
1908,51,5,552.15,2
1909,9,5,3002.48,2
1910,49,8,2369.2,2
1911,28,9,4238.45,1
1912,6,11,1820.15,1
1913,0,7,3027.85,2
1914,26,6,1046.3,2
1915,80,8,4400.6,1
1916,5,13,4234.6,1
1917,17,8,1256.06,2
1918,14,10,2542.5,1
1919,51,8,5101.1,1
1920,49,13,7548.0199999999995,1
1921,44,6,1578.4,2
1922,29,11,1380.4299999999998,1
1923,15,9,1665.0500000000002,2
1924,68,10,3702.0,1
1925,5,10,6203.5,1
1926,103,4,329.65999999999997,0
1927,122,3,573.6,0
1928,78,12,3478.65,1
1929,34,7,2381.25,2
1930,51,6,2759.3500000000004,2
1931,117,6,954.0,0
1932,22,1,35.28,2
1933,71,8,4759.55,1
1934,169,3,32.519999999999996,0
1935,34,14,6689.9,1
1936,4,5,3063.55,2
1937,76,5,271.85,2
1938,1,11,662.65,2
1939,7,12,3827.6600000000003,1
1940,26,3,355.1,2
1941,6,9,3142.4,1
1942,7,9,3009.6,1
1943,62,9,3392.4500000000003,1
1944,192,4,208.45,0
1945,2,7,1627.3999999999999,2
1946,6,12,7590.43,1
1947,80,9,2544.3900000000003,1
1948,30,3,272.16999999999996,2
1949,38,7,3475.2,2
1950,36,6,6531.4,1
1951,5,7,3726.3,1
1952,8,5,2494.95,2
1953,9,4,499.09000000000003,2
1954,0,8,5007.85,1
1955,20,10,2503.45,1
1956,71,6,2404.9,2
1957,54,10,1723.95,1
1958,57,6,873.5,2
1959,9,8,2987.7,1
1960,92,4,1012.6,0
1961,72,8,2669.85,2
1962,58,8,2233.8,2
1963,122,5,188.05,0
1964,2,8,3011.15,1
1965,21,4,666.4,2
1966,43,8,2468.35,2
1967,205,3,360.15,0
1968,1,8,2306.0499999999997,2
1969,30,7,2601.05,2
1970,54,5,927.65,2
1971,5,8,2607.45,2
1972,5,11,4529.4,1
1973,59,10,6339.3,1
1974,42,10,2454.85,1
1975,0,6,3221.5,2
1976,54,8,2898.05,2
1977,77,6,570.4,2
1978,168,3,1093.4,0
1979,120,4,1085.06,0
1980,16,9,4569.76,1
1981,74,11,8001.15,1
1982,24,5,526.1,2
1983,116,9,677.25,0
1984,11,9,2943.1,1
1985,10,10,2145.85,1
1986,9,6,592.36,2
1987,6,11,3325.2999999999997,1
1988,21,11,1770.1499999999999,1
1989,11,11,3116.6,1
1990,107,7,4282.75,1
1991,51,12,3533.15,1
1992,95,10,5549.1,1
1993,98,9,361.02,2
1994,158,6,5978.35,0
1995,8,4,542.0,2
1996,4,9,3901.2200000000003,1
1997,99,7,3911.8,1
1998,3,10,1341.0,2
1999,86,4,3590.04,2
2000,155,6,1709.7,0
2001,24,8,2403.55,2
2002,102,3,201.5,0
2003,150,5,315.02,0
2004,21,8,1781.03,2
2005,86,2,648.0,0
2006,187,4,188.6,0
2007,9,7,3179.05,2
2008,28,8,3758.9700000000003,1
2009,13,8,2500.15,2
2010,6,4,467.25,2
2011,37,6,391.65,2
2012,2,8,2118.75,2
2013,2,9,2428.6,1
2014,12,10,1641.6,2
2015,95,8,1644.31,2
2016,71,13,4401.389999999999,1
2017,69,7,653.0,2
2018,31,6,3648.8,2
2019,105,8,6298.049999999999,1
2020,32,8,5431.9,1
2021,60,5,208.5,2
2022,98,3,3568.04,0
2023,57,6,1843.1100000000001,2
2024,6,9,1630.85,2
2025,16,7,2467.05,2
2026,70,6,430.95,2
2027,64,6,1254.0,2
2028,24,4,94.9,2
2029,70,5,1251.0,2
2030,75,11,5992.02,1
2031,22,11,4098.0,1
2032,149,4,65.35,0
2033,39,11,1678.15,1
2034,75,4,536.05,2
2035,3,13,3644.25,1
2036,13,9,5266.049999999999,1
2037,83,7,721.0,2
2038,1,6,2503.4500000000003,2
2039,88,5,4503.2,2
2040,6,11,1501.2,1
2041,36,6,4014.4,2
2042,7,6,293.15,2
2043,76,12,3054.25,1
2044,45,6,352.1,2
2045,11,9,3814.7,1
2046,8,8,1116.7,2
2047,20,4,289.2,2
2048,11,10,5372.15,1
2049,17,9,2667.8999999999996,1
2050,76,5,2952.5,2
2051,8,8,5869.23,1
2052,79,6,1314.4,2
2053,224,2,114.35,0
2054,48,7,1950.94,2
2055,50,2,587.2,2
2056,25,4,924.3,2
2057,89,4,3231.4,0
2058,91,4,1819.05,0
2059,215,1,31.36,0
2060,6,4,2569.4,2
2061,76,4,347.75,2
2062,30,13,4785.45,1
2063,14,6,1494.0,2
2064,61,5,903.0,2
2065,9,11,2410.05,1
2066,27,4,4311.5,2
2067,3,10,3528.2599999999998,1
2068,19,1,216.0,2
2069,2,9,1526.85,2
2070,20,12,5052.6,1
2071,108,5,793.0699999999999,0
2072,20,7,1115.3,2
2073,23,4,585.1,2
2074,21,11,6285.3,1
2075,145,5,438.15,0
2076,14,9,1370.8,2
2077,23,6,1628.0,2
2078,68,2,61.75,2
2079,7,10,3003.55,1
2080,28,5,3012.95,2
2081,18,11,2991.6,1
2082,10,14,2534.4,1
2083,1,5,996.8,2
2084,278,1,120.0,0
2085,134,4,3634.2000000000003,0
2086,15,7,2103.95,2
2087,67,3,261.0,2
2088,16,14,3857.45,1
2089,4,10,8608.55,1
2090,50,6,4256.8,1
2091,8,7,2440.94,2
2092,51,12,5374.33,1
2093,19,10,5434.55,1
2094,1,8,4236.85,1
2095,2,8,4507.85,1
2096,57,15,4154.6,1
2097,9,7,2829.1099999999997,2
2098,4,12,5323.95,1
2099,112,6,2438.6,0
2100,73,8,4195.5,1
2101,31,6,957.6,2
2102,34,11,5020.74,1
2103,133,7,5715.400000000001,1
2104,16,9,1929.5,2
2105,48,9,3496.19,1
2106,59,5,1170.2,2
2107,11,13,1206.39,1
2108,0,6,918.5500000000001,2
2109,8,12,3643.8,1
2110,137,6,2166.5,0
2111,42,9,3914.15,1
2112,3,8,401.1,2
2113,16,9,2762.1,1
2114,28,5,245.1,2
2115,18,7,4387.65,1
2116,6,11,6677.1,1
2117,104,4,1053.6,0
2118,11,9,3412.1,1
2119,33,10,3995.75,1
2120,16,7,4414.35,1
2121,4,5,852.0,2
2122,20,14,8384.2,1
2123,27,6,1984.05,2
2124,3,7,1332.4499999999998,2
2125,56,10,1186.9,2
2126,11,10,4303.450000000001,1
2127,14,12,1745.19,1
2128,22,5,2062.6,2
2129,0,11,1834.88,1
2130,88,7,3593.85,1
2131,14,5,3294.4500000000003,2
2132,31,10,2708.73,1
2133,15,5,628.25,2
2134,0,8,4171.45,1
2135,32,12,4009.5,1
2136,7,12,2008.8,1
2137,73,10,1654.55,2
2138,80,8,1280.47,2
2139,245,3,1829.6000000000001,0
2140,14,8,1588.3999999999999,2
2141,29,12,8168.2,1
2142,35,4,840.8199999999999,2
2143,21,10,4102.14,1
2144,109,7,1256.3,0
2145,75,5,4187.110000000001,2
2146,264,3,839.35,0
2147,63,8,6963.55,1
2148,60,7,551.5,2
2149,162,5,345.5,0
2150,21,10,2719.75,1
2151,65,12,6707.96,1
2152,18,7,1591.85,2
2153,30,15,3046.5,1
2154,43,5,5707.9,1
2155,32,10,3676.8,1
2156,74,4,1014.0,2
2157,137,6,464.05,0
2158,158,5,1550.43,0
2159,15,7,993.6,2
2160,6,4,1254.1,2
2161,74,6,759.0,2
2162,114,4,4029.6,0
2163,25,4,373.0,2
2164,32,11,6733.299999999999,1
2165,74,4,1738.46,2
2166,55,6,366.5,2
2167,57,11,6276.21,1
2168,9,10,3976.21,1
2169,33,11,4848.3,1
2170,47,11,6725.32,1
2171,12,5,2040.3,2
2172,6,6,2890.05,2
2173,62,5,143.39999999999998,2
2174,190,4,602.8,0
2175,153,3,1714.4,0
2176,10,9,2568.3,1
2177,2,11,1661.24,1
2178,101,6,3440.55,0
2179,55,11,4318.25,1
2180,96,4,531.05,0
2181,31,9,5090.8,1
2182,35,5,1928.45,2
2183,81,6,3268.85,2
2184,15,12,3473.8,1
2185,68,5,438.0,2
2186,48,8,240.0,2
2187,25,12,2300.75,1
2188,51,7,416.7,2
2189,54,10,3955.0,1
2190,42,4,1475.5,2
2191,103,11,1752.4,1
2192,65,3,2646.0,2
2193,84,5,2388.3,2
2194,20,10,2443.65,1
2195,77,8,1567.7,2
2196,70,6,8643.9,1
2197,28,3,615.2,2
2198,32,6,4703.12,1
2199,49,4,185.55,2
2200,127,3,2289.0,0
2201,81,11,5133.5,1
2202,79,6,616.1,2
2203,7,9,2148.73,2
2204,28,8,1112.5,2
2205,46,12,3980.7,1
2206,18,6,4498.35,1
2207,91,7,1728.25,2
2208,58,3,472.15,2
2209,33,8,1177.0,2
2210,82,7,1186.6,2
2211,18,11,3297.3999999999996,1
2212,56,8,1414.65,2
2213,32,8,1293.05,2
2214,16,11,5456.43,1
2215,9,8,2255.75,2
2216,53,7,3984.05,1
2217,166,5,606.17,0
2218,117,7,2051.7,0
2219,52,8,6916.4,1
2220,1,6,3529.7000000000003,2
2221,21,5,1117.15,2
2222,41,7,676.6,2
2223,98,10,3324.66,1
2224,69,8,8954.6,1
2225,33,4,870.55,2
2226,69,6,1640.2,2
2227,91,8,1306.23,2
2228,19,9,1290.7,2
2229,10,7,981.45,2
2230,62,13,1946.49,1
2231,13,8,1715.98,2
2232,67,10,2230.05,1
2233,4,10,3011.3,1
2234,16,9,2401.23,1
2235,133,5,639.55,0
2236,51,7,4490.18,1
2237,60,7,1353.75,2
2238,59,11,1365.0,1
2239,140,7,3845.75,0
2240,109,4,811.0,0
2241,9,12,7533.1,1
2242,18,2,2004.0,2
2243,12,10,3911.55,1
2244,40,10,2633.6,1
2245,7,9,674.5,2
2246,78,10,2614.9,1
2247,9,2,41.0,2
2248,19,7,5461.55,1
2249,6,10,4805.55,1
2250,25,8,2222.55,2
2251,61,4,188.52,2
2252,46,13,2473.3,1
2253,22,7,1566.9,2
2254,2,6,1859.6000000000001,2
2255,34,7,1246.2,2
2256,72,11,4253.03,1
2257,47,7,744.24,2
2258,32,6,1847.4,2
2259,209,5,500.40000000000003,0
2260,8,14,6645.93,1
2261,56,4,2348.8,2
2262,2,8,3770.28,1
2263,44,5,1367.5,2
2264,149,6,1833.2,0
2265,96,4,4489.3,0
2266,82,3,4025.6,0
2267,12,3,839.15,2
2268,170,3,721.45,0
2269,75,10,1562.25,2
2270,135,5,2509.8,0
2271,6,6,564.6,2
2272,67,8,1187.78,2
2273,81,4,2679.0,2
2274,22,6,2683.7,2
2275,50,5,1627.1,2
2276,39,12,2090.7,1
2277,4,5,256.5,2
2278,49,9,2710.54,1
2279,30,7,1735.6,2
2280,77,5,2226.45,2
2281,11,5,4420.95,2
2282,54,4,427.2,2
2283,39,11,1480.5,1
2284,44,7,1895.5,2
2285,251,3,517.7,0
2286,102,4,1036.2,0
2287,41,9,8551.48,1
2288,19,8,2228.1,2
2289,44,7,5844.46,1
2290,38,5,2777.75,2
2291,0,13,5695.799999999999,1
2292,20,6,2552.45,2
2293,0,8,672.1,2
2294,21,12,3018.58,1
2295,234,1,320.0,0
2296,24,10,629.25,2
2297,22,4,1275.7,2
2298,12,6,451.0,2
2299,30,11,4538.0,1
2300,171,4,718.0,0
2301,7,10,1768.05,1
2302,95,10,6729.099999999999,1
2303,59,7,8892.64,1
2304,12,6,2424.3,2
2305,23,9,3861.5,1
2306,65,12,6068.049999999999,1
2307,49,6,976.25,2
2308,7,7,2334.45,2
2309,77,4,2547.15,2
2310,26,7,4439.3,1
2311,71,10,5816.63,1
2312,21,12,1683.64,1
2313,13,7,857.6999999999999,2
2314,1,5,350.7,2
2315,33,9,888.0,2
2316,10,12,3779.35,1
2317,3,8,3067.7400000000002,1
2318,5,5,3441.75,2
2319,16,11,3437.99,1
2320,121,7,6400.4,1
2321,24,6,2685.48,2
2322,24,3,2541.0,2
2323,80,7,5638.3099999999995,1
2324,11,6,679.4,2
2325,42,10,1003.6,2
2326,25,9,463.0,2
2327,117,9,2886.81,1
2328,146,5,2946.35,0
2329,70,8,964.0,2
2330,16,3,1663.1,2
2331,122,4,924.0,0
2332,0,9,2479.05,1
2333,19,6,1560.5,2
2334,159,6,617.3,0
2335,28,4,4340.1,2
2336,13,8,844.55,2
2337,7,10,4448.2,1
2338,71,5,869.05,2
2339,58,8,3151.4500000000003,1
2340,5,9,2207.43,2
2341,6,11,5766.25,1
2342,1,6,1516.5,2
2343,10,9,2678.1,1
2344,75,3,1119.74,2
2345,102,5,3533.5,0
2346,3,9,918.6,2
2347,86,9,4555.05,1
2348,76,8,7407.4,1
2349,15,11,5977.45,1
2350,24,9,4317.79,1
2351,50,4,1257.6,2
2352,43,4,517.9,2
2353,149,8,3086.1,0
2354,22,10,2979.88,1
2355,115,6,335.8,0
2356,16,8,2057.2,2
2357,40,9,2080.0,2
2358,6,8,976.75,2
2359,58,11,1428.86,1
2360,106,6,3226.65,0
2361,163,5,2250.1,0
2362,145,6,662.2,0
2363,32,8,3508.8,1
2364,21,6,1505.0,2
2365,156,6,2156.3,0
2366,32,9,3048.0,1
2367,40,9,5846.95,1
2368,45,9,5296.3,1
2369,23,6,624.0999999999999,2
2370,70,3,137.0,2
2371,21,7,574.3199999999999,2
2372,10,11,1082.45,1
2373,27,4,2755.9,2
2374,59,4,1148.0,2
2375,11,8,8422.26,1
2376,141,4,207.79999999999998,0
2377,17,9,1214.15,2
2378,4,10,994.2,2
2379,41,7,8920.689999999999,1
2380,69,6,315.6,2
2381,7,7,6219.43,1
2382,43,10,2822.4,1
2383,9,5,980.4000000000001,2
2384,86,8,2661.75,2
2385,14,4,498.1,2
2386,227,2,1501.0,0
2387,16,12,2565.1800000000003,1
2388,15,8,2270.85,2
2389,80,7,4603.65,1
2390,5,12,5433.43,1
2391,51,8,1334.4,2
2392,56,10,998.55,2
2393,261,3,438.1,0
2394,87,9,3812.07,1
2395,88,6,3368.65,2
2396,269,4,290.1,0
2397,177,7,888.7,0
2398,19,9,2707.6,1
2399,3,8,3329.6,1
2400,126,7,2734.75,0
2401,0,9,3658.54,1
2402,32,5,559.03,2
2403,64,10,1866.4499999999998,1
2404,10,9,2378.15,1
2405,0,12,3023.1400000000003,1
2406,256,2,567.6,0
2407,184,6,2057.3,0
2408,58,5,3784.1,2
2409,14,6,1359.75,2
2410,6,9,2363.18,1
2411,24,8,3888.8,1
2412,39,6,5701.1,1
2413,32,4,1622.4,2
2414,39,5,302.9,2
2415,21,8,1929.1,2
2416,24,9,2463.5,1
2417,47,9,3366.9500000000003,1
2418,36,4,5144.7,2
2419,198,3,230.55,0
2420,111,5,488.84999999999997,0
2421,10,1,72.0,2
2422,45,5,2765.05,2
2423,66,9,700.72,2
2424,35,9,1831.8,2
2425,14,8,3188.7,1
2426,19,7,3799.5499999999997,1
2427,108,3,3090.6,0
2428,24,8,3092.0,1
2429,101,3,2072.4,0
2430,11,5,555.5,2
2431,55,5,316.6,2
2432,14,6,297.6,2
2433,272,5,4488.35,0
2434,36,7,5925.5,1
2435,48,10,1440.95,2
2436,46,4,7420.05,1
2437,43,10,2161.45,1
2438,4,8,1198.7,2
2439,41,9,2094.69,2
2440,12,8,830.03,2
2441,48,5,1277.0,2
2442,10,6,354.3,2
2443,31,10,2784.25,1
2444,11,6,2593.15,2
2445,96,7,1835.7,2
2446,121,4,223.95,0
2447,0,9,3097.9,1
2448,8,6,3688.3,2
2449,39,9,2200.3,2
2450,21,7,694.2,2
2451,25,8,2723.45,2
2452,24,6,705.9,2
2453,307,2,356.3,0
2454,17,8,4033.1,1
2455,4,8,5348.11,1
2456,10,6,2574.0,2
2457,162,3,541.4,0
2458,18,10,1561.23,2
2459,13,11,2415.35,1
2460,80,8,2293.15,2
2461,7,10,3412.65,1
2462,37,14,5047.42,1
2463,7,12,6705.35,1
2464,25,13,7577.55,1
2465,85,7,3272.2200000000003,2
2466,4,9,1089.8,2
2467,12,6,998.9,2
2468,14,8,2526.5,2
2469,33,10,4510.5,1
2470,21,2,1081.55,2
2471,3,7,3512.6,1
2472,9,6,890.0,2
2473,16,8,9363.75,1
2474,44,7,2212.7,2
2475,15,10,5964.85,1
2476,105,5,380.2,0
2477,75,4,4238.5,2
2478,92,9,1442.9099999999999,2
2479,19,7,2283.7,2
2480,156,3,1017.2,0
2481,82,6,2494.6,2
2482,66,7,3695.8500000000004,1
2483,119,4,275.0,0
2484,33,4,2477.8,2
2485,14,8,2942.6,1
2486,32,10,5597.42,1
2487,94,6,1933.1000000000001,2
2488,52,4,1320.6,2
2489,39,7,1194.24,2
2490,15,9,1632.0,2
2491,60,4,533.05,2
2492,25,6,4331.89,1
2493,53,4,1232.1,2
2494,38,7,3656.29,1
2495,98,8,4292.55,1
2496,26,6,724.09,2
2497,20,10,8342.0,1
2498,52,3,943.9499999999999,2
2499,55,8,1495.25,2
